OriginationYear,Volume_M,Loans,DelRate,AvgCreditScore,AvgLTV
2018,369.311,777,25.611325611325615,695.3886743886744,76.20463320463321
2019,404.295,802,24.93765586034913,690.2618453865337,76.4002493765586
2020,376.005,765,26.27450980392157,690.4496732026143,75.90196078431373
2021,352.719,743,23.95693135935397,693.1938088829071,75.12382234185733
2022,369.937,749,24.833110814419225,690.3204272363151,75.64085447263017
2023,381.507,783,27.203065134099617,691.5249042145593,75.6360153256705
2024,190.721,381,23.097112860892388,685.6587926509186,76.45406824146981
